{"cameraMode":{"drawMode":0,"name":"Shaded","section":"Shading Mode"},"sceneLighting":false,"audioPlay":false,"sceneViewState":{"showFog":true,"showMaterialUpdate":false,"showSkybox":false,"showFlares":true,"showImageEffects":true,"showParticleSystems":true},"in2DMode":false,"pivot":{"x":304.4664611816406,"y":888.7476196289063,"z":40.460784912109378},"rotation":{"x":0.06925313174724579,"y":-0.005989609751850367,"z":0.0004142388643231243,"w":0.9975829124450684},"size":10.0,"orthographic":false}